img,link,title,price
https://robu.in/wp-content/uploads/2018/11/Raspberry-Pi-3-Model-A-2-314x252.jpg,https://robu.in/product/raspberry-pi-3-model-a/,Raspberry Pi 3 Model A+,2150.0
https://robu.in/wp-content/uploads/2019/01/Raspberry-Pi-3B2BB-GPIO-Ruler-V2-5-314x252.jpg,https://robu.in/product/raspberry-pi-3b-2b-b-gpio-ruler-v2/,Raspberry Pi 3B/2B/B+ GPIO Ruler V2,199.0
https://robu.in/wp-content/uploads/2018/10/robu-4-2-314x252.jpg,https://robu.in/product/raspberry-pi-sense-hat-for-the-pi-3-2-b-a-model/,Raspberry Pi Sense HAT for the Pi 3/2/B+/A+ Model,3098.0
https://robu.in/wp-content/uploads/2018/10/robu-2-5-314x252.jpg,https://robu.in/product/raspberry-pi-3-case-for-raspberry-pi-3-model-b-only-red-white-copy/,Raspberry Pi 3 Official Case for Raspberry Pi 3 Model B only Red/White,240.0
https://robu.in/wp-content/uploads/2017/12/2017-High-grade-Official-Raspberry-Pi-3.png_350x350-314x252.png,https://robu.in/product/raspberry-pi-3-case-of-raspberry-pi-3-model-b-only-red-white/,"Raspberry Pi 3 Case for Raspberry Pi 3 Model B, B+ only Red/White",199.0
https://robu.in/wp-content/uploads/2017/12/RObu.in_-314x252.jpg,https://robu.in/product/raspberry-pi-gpio-expansion-shield-pi-2-3-b-bmodule/,Raspberry Pi GPIO Expansion Shield For PI 2/3 B B+ Module,450.0
https://robu.in/wp-content/uploads/2018/09/robu-2-8-314x252.jpg,https://robu.in/product/power-over-ethernet-poe-hat-for-raspberry-pi-3-b-model/,Power Over Ethernet (PoE) HAT for Raspberry Pi 3 B+ Model,1849.0
https://robu.in/wp-content/uploads/2016/03/robu-10-4-314x252.jpg,https://robu.in/product/latest-raspberry-pi-3-model-b-original/,Raspberry Pi 3 – Model B Original with Onboard WiFi and Bluetooth,2849.0
https://robu.in/wp-content/uploads/2019/02/Raspberry-Pi-3B--314x252.jpg,https://robu.in/product/raspberry-pi-3-model-b-plus-starter-kit/,Raspberry Pi 3 Model B+ Starter Kit,3990.0
https://robu.in/wp-content/uploads/2016/03/11868-00a.jpg,https://robu.in/product/raspberry-pi-camera-module/,5MP Raspberry Pi 3 Model B Camera Module Rev 1.3 with Cable,590.0
https://robu.in/wp-content/uploads/2017/07/Raspberry_Pi_Zero_ver_1.3_1_of_3_1024x1024.jpg,https://robu.in/product/raspberry-pi-zero-v1-3-development-board/,Raspberry Pi Zero v1.3 Development Board,990.0
https://robu.in/wp-content/uploads/2018/07/robu-6-6-314x252.jpg,https://robu.in/product/raspberry-pi-3-model-b-bcm2837b0-soc-iot-poe-enabled/,"Raspberry Pi 3 Model B+ BCM2837B0 SoC, IoT, PoE Enabled",2990.0
https://robu.in/wp-content/uploads/2019/03/Raspberry-Pi-33-combo-2-2-314x252.jpg,https://robu.in/product/raspberry-pi-3-model-b-advanced-starter-kit/,Raspberry Pi 3 Model B+ ADVANCED Starter Kit,4550.0
https://robu.in/wp-content/uploads/2017/12/New-314x252.jpg,https://robu.in/product/raspberry-pi-infrared-ir-night-vision-surveillance-camera-module-500w-webcam/,Raspberry PI Infrared IR Night Vision Surveillance Camera Module 500W Webcam,1190.0
https://robu.in/wp-content/uploads/2018/11/New-High-Quality-Transparent-ABS-Case-for-Raspberry-Pi-33-with-Cooling-FAN-Slot-1-314x252.jpg,https://robu.in/product/2018-transparent-abs-case-wide-40pin-gpio-port-support-fans-installed-for-raspberry-pi-3-3/,New High Quality Transparent ABS Case for Raspberry Pi 3/3+ with Cooling FAN Slot and GPIO Slot,110.0
img,link,title,price
https://www.electroncomponents.com/image/cache/data/IC/socket/EC_28pin-socket-80x80.jpg,https://www.electroncomponents.com/28pin-DIP-IC-Socket?filter_name=raspberry pi 3,28 Pin - DIP IC Socket/Base (DIP-28pin),5.5
img,link,title,price
https://www.electronicscomp.com/image/cache/catalog/3.5-inch-lcd-touch-screen-raspberry-pi-228x228.jpg,https://www.electronicscomp.com/3.5-inch-tft-lcd-touch-screen-display-for-raspberry-pi?search=raspberry%20pi%203,3.5 inch TFT LCD Touch Screen Display for Raspberry Pi,1375.0
https://www.electronicscomp.com/image/cache/catalog/raspberry-pi-3-a-plus-india-original-228x228.jpg,https://www.electronicscomp.com/buy-raspberry-pi-3-model-a-plus-india?search=raspberry%20pi%203,Raspberry Pi 3 - Model A+ (Original),2075.0
https://www.electronicscomp.com/image/cache/catalog/raspberry-pi-3-b-plus-india-228x228.jpg,https://www.electronicscomp.com/buy-raspberry-pi-3-model-b-plus-india?search=raspberry%20pi%203,Raspberry Pi 3 - Model B+ - 1.4Ghz 64Ghz Processor with 1 GB Ram (Latest & Original),2499.0
https://www.electronicscomp.com/image/cache/catalog/raspberry-pi-3-model-b-228x228.jpg,https://www.electronicscomp.com/raspberry-pi-3-model-b-price-india?search=raspberry%20pi%203,Raspberry Pi 3 - Model B- 1 GB Ram (Original),2475.0
https://www.electronicscomp.com/image/cache/catalog/raspberry-pi3-official-case-228x228.jpg,https://www.electronicscomp.com/raspberry-pi-3-case-enclosure-official?search=raspberry%20pi%203,"Raspberry PI 3 Case Enclosure Official for Model B, B+",190.0
https://www.electronicscomp.com/image/cache/catalog/raspberry-pi-power-adaptor-5v-2.4amp-228x228.jpg,https://www.electronicscomp.com/raspberry-pi-power-adaptor-5v-2.4amp?search=raspberry%20pi%203,Raspberry Pi 3 Power Adaptor - 5V - 2.4 Amp,375.0
https://www.electronicscomp.com/image/cache/catalog/raspberry-pi-case-acrylic-transparent-228x228.jpg,https://www.electronicscomp.com/raspberry-pi-3-transparent-acrylic-case-enclosure?search=raspberry%20pi%203,Raspberry Pi 3 Transparent Acrylic Case Enclosure,180.0
https://www.electronicscomp.com/image/cache/catalog/Raspberry-Pi-Zero-Version-1.3-228x228.jpg,https://www.electronicscomp.com/raspberry-pi-zero-ver-1.3-development-board-camera-ready?search=raspberry%20pi%203,Raspberry Pi Zero Version 1.3 Development Board - Camera Ready,950.0
